{
  "custom": {},
  "params": {},
  "props": {
    "defaultSize": {
      "height": 468,
      "width": 491
    }
  },
  "root": {
    "children": [
      {
        "meta": {
          "name": "EmbeddedView"
        },
        "position": {
          "basis": "320px",
          "grow": 1
        },
        "props": {
          "params": {
            "CompressorNum": 1
          },
          "path": "Single Compressor"
        },
        "type": "ia.display.view"
      },
      {
        "meta": {
          "name": "EmbeddedView_0"
        },
        "position": {
          "basis": "320px",
          "grow": 1
        },
        "props": {
          "params": {
            "CompressorNum": 2
          },
          "path": "Single Compressor"
        },
        "type": "ia.display.view"
      }
    ],
    "meta": {
      "name": "root"
    },
    "props": {
      "direction": "column"
    },
    "type": "ia.container.flex"
  }
}