{
  "custom": {},
  "params": {},
  "props": {
    "defaultSize": {
      "height": 64,
      "width": 293
    }
  },
  "root": {
    "children": [
      {
        "events": {
          "dom": {
            "onClick": {
              "config": {
                "id": "DockedMenu",
                "type": "toggle"
              },
              "scope": "C",
              "type": "dock"
            }
          }
        },
        "meta": {
          "name": "Icon"
        },
        "position": {
          "basis": "80px"
        },
        "props": {
          "path": "material/menu",
          "style": {
            "paddingBottom": "10px",
            "paddingLeft": "10px",
            "paddingRight": "10px",
            "paddingTop": "10px"
          }
        },
        "type": "ia.display.icon"
      },
      {
        "meta": {
          "name": "Label"
        },
        "position": {
          "basis": "50px",
          "grow": 1
        },
        "propConfig": {
          "props.text": {
            "binding": {
              "config": {
                "path": "page.props.path"
              },
              "transforms": [
                {
                  "fallback": "",
                  "inputType": "scalar",
                  "mappings": [
                    {
                      "input": "/",
                      "output": "Towers"
                    },
                    {
                      "input": "map",
                      "output": "Map"
                    },
                    {
                      "input": "compressors",
                      "output": "Compressors"
                    }
                  ],
                  "outputType": "scalar",
                  "type": "map"
                }
              ],
              "type": "property"
            }
          }
        },
        "props": {
          "style": {
            "borderStyle": "none",
            "fontFamily": "Tahoma",
            "fontSize": "28px",
            "fontWeight": "bolder",
            "textAlign": "center"
          }
        },
        "type": "ia.display.label"
      }
    ],
    "meta": {
      "name": "root"
    },
    "props": {
      "style": {
        "borderBottomStyle": "solid",
        "borderBottomWidth": "1px"
      }
    },
    "type": "ia.container.flex"
  }
}