{"(merriweather,v19-latin-300,eot)":"EBA5OI4WECkMSXROJpiKNYueGw1Wl5gvhDaRG01a17k=","(merriweather,v19-latin-300,svg)":"7uXWDBAeHgIX4vK6Z5yx/ARE4R7aJmWTNPMed2aXPZI=","(merriweather,v19-latin-300,ttf)":"+/So7vIEEkEdbmdvaXfAezUzVkPVhawQTdmIlC1bH9A=","(merriweather,v19-latin-300,woff)":"shj3H+Wu2UJ050kA0mojotHLP0zplqkfj83BIiXuw60=","(merriweather,v19-latin-300,woff2)":"BAC8DppEy/VH8jikV0lrxZGeVXJEYNDCz7nWaIPXQ6M=","(merriweather,v19-latin-300italic,eot)":"eiYjdV0700+Ga/wtHDgh/hh+F4hJODA6cdVx1t7FD5o=","(merriweather,v19-latin-300italic,svg)":"OWRQ7YMfqLJk5a7AzeNdt8wJQbZhNVyu/TZBaIbt+1s=","(merriweather,v19-latin-300italic,ttf)":"OqTSMi2+XbINebDfqXc2y1EAAA4WL20wczk0d8qxKKQ=","(merriweather,v19-latin-300italic,woff)":"+RO0twleRqOLlQgXMnUwy4QIxyRV2WFUCxnVbUyVXF4=","(merriweather,v19-latin-300italic,woff2)":"72Rr0rE+Nvzuw2JbORyjcHSjefw6XBaouoAuQJ+dJ6g=","(merriweather,v19-latin-700,eot)":"9yo2ALCcSn6s/TXm+2ElImgJUniilGd6WATWFXdgU4I=","(merriweather,v19-latin-700,svg)":"Netboc1ru1RZiutXlivR8MhB6Y2euBoVftJ1xz3nT80=","(merriweather,v19-latin-700,ttf)":"LyHah8YC33HDGxmF5mM/d9ow0XbA5nySQEwLcqQhOEY=","(merriweather,v19-latin-700,woff)":"nzvrGELoIKBQFfb0Qd+5i7gRchKNQ7I5fbgxNMdcOPE=","(merriweather,v19-latin-700,woff2)":"Vorz5XO73JdSxleIZrVipND2cFJHfAGTLm0dPbY6Jr4=","(merriweather,v19-latin-700italic,eot)":"4/ZFp5/wSe6wVpBfgPQVvumHQXZ36HX4OGR0rdEnqzU=","(merriweather,v19-latin-700italic,svg)":"+5I8Djt9Q7Cvn/SWYm4V/8s1Bx6vfaIYLd33hYaQn2c=","(merriweather,v19-latin-700italic,ttf)":"N07dPVbFxvealK+W4NTy802+y9547IG9Yib0PsKCLRc=","(merriweather,v19-latin-700italic,woff)":"uGz2y+gpkLkvx2V/JMKgXJwHvjG5f1YNbqR3LZkiHyc=","(merriweather,v19-latin-700italic,woff2)":"6UugRaNwC3Kci5AK2K6hnszbpPjoXSlfqQoDntD2v2c=","(merriweather,v19-latin-900,eot)":"aOiB43v7XQhqRAEzUzjUj+euCktOvhtmHNxoJzLWpAQ=","(merriweather,v19-latin-900,svg)":"u9jEdoT006+7gAPMASFgcLszFx1Iq3FlNwSVB1Qj4aU=","(merriweather,v19-latin-900,ttf)":"5uIo3ALh3rD9zvbOsp26NCebdKfArbglSmNAKVTHotQ=","(merriweather,v19-latin-900,woff)":"FLhzp3ndOPL2MIncsvZh9ajg92MYpLJhtovCF+ejZMs=","(merriweather,v19-latin-900,woff2)":"apM2RNILRwqNTdvYpgVb1/dtbWDZ3Nl1cMfExR4kaFc=","(merriweather,v19-latin-900italic,eot)":"Rsf0mZxY7H3qbHErQuxZYlIMhCDqkEL987GW9ECa06E=","(merriweather,v19-latin-900italic,svg)":"ZJkgXb+CkInRo5BQDusMOwoW/tF3coKUYrP+gyoRB18=","(merriweather,v19-latin-900italic,ttf)":"xJ4KsvZn9LM2r/umSqUQlsR5FLp/c4KG1o5WP31qfgE=","(merriweather,v19-latin-900italic,woff)":"i90eY89S9gScxX9Zbg0R2oiTdjW2Y0Kb4/VwKGoixrE=","(merriweather,v19-latin-900italic,woff2)":"jY4pReyK6eU4UqEAaYWe7SnG6JaNU+3oyrjP9f/AOMU=","(merriweather,v19-latin-italic,eot)":"8lHi/3VwFr1bIsrpeIbVa/HL/Z4TXrLfxO1vGcLBf9Q=","(merriweather,v19-latin-italic,svg)":"gh8PT93q0iS2xXsXansaLKo1hGqSaHaHwpvhB6EVuyY=","(merriweather,v19-latin-italic,ttf)":"65lpsEgl/P8Hd7WD2jmvgsNDKtubpwhVTG2Mf1sCqOg=","(merriweather,v19-latin-italic,woff)":"VTMT5xJ8DOUAgdLxJ3AU3qR73iiQpJ8TccuZi0MW1To=","(merriweather,v19-latin-italic,woff2)":"TdHzu5sVExmmHw26QtEMdzNG6s/bRn0PtWCjDBjMjjY=","(merriweather,v19-latin-regular,eot)":"DAv5QFxL5XvutjDutO1OrWj7jaGc5BABS8B8FkLWQxo=","(merriweather,v19-latin-regular,svg)":"inNn9ZWWiFh5sn0YONc1lHUeysYvH/iahmnqitBPihQ=","(merriweather,v19-latin-regular,ttf)":"xYNS6NV+sAZNZ+qL9w1XePO7vxNPkAmYpIBRjpCDxxY=","(merriweather,v19-latin-regular,woff)":"U9VuTlYFh5okZSS7wchIO+XDqb8+P+FAb9GhYf9kJvc=","(merriweather,v19-latin-regular,woff2)":"k6P4znzsKsbi4BsKLvCzgimxhqp66w7vAaESKHI4gRs=","(noto,sans-v8-latin-700,eot)":"YyHZcR9JM2MVJq+7cSIBVnfj5CrMLiWORizWPUqSozw=","(noto,sans-v8-latin-700,svg)":"J3JHLZ48dgmavP6y9iQZ+pX3UDT+6lU08weX0GwyaIs=","(noto,sans-v8-latin-700,ttf)":"1mDQJDqEJ46JHCkKMj5lOD9+BSl+USzUm8WYcAYaeQs=","(noto,sans-v8-latin-700,woff)":"a9PCMZKawiUOaT4/JxdjQxSz+ZzdtfIEeSPiErfuB0k=","(noto,sans-v8-latin-700,woff2)":"i+7FORKM6mIeURzVTyGg0X/4kaFqDr16mKPk+8AL0OU=","(noto,sans-v8-latin-700italic,eot)":"HgKabrMUbxw9auOQQQTYIyUxmxoaSvb79oauoqVn2FE=","(noto,sans-v8-latin-700italic,svg)":"XqcTFftMoZUg+i4wcVSFCMFeHmzlpRh7wpUXjVWHn8w=","(noto,sans-v8-latin-700italic,ttf)":"aSqyvqns8uMeA/AX7MznRDc8p2dMr3vj6NMCL5uF9sc=","(noto,sans-v8-latin-700italic,woff)":"A0poOpdwg2QAzgrvvdreua0gJiex7LvMK3CNpjKZGK0=","(noto,sans-v8-latin-700italic,woff2)":"d+YrZetDRqjDV6D4kOgETaf1rY/FA9W1pyGkj4HUez8=","(noto,sans-v8-latin-italic,eot)":"Kaue+QceHxgBDNJRkp1292fp4blAkptQ/FzAgF1FiwY=","(noto,sans-v8-latin-italic,svg)":"Gcnc83yPnnmA9HhG3Vp10kd9bP34UoPfnJhPAf1/cBY=","(noto,sans-v8-latin-italic,ttf)":"pgUcF/5TbB2nBWSKMQF3LleGgcgEJefpswE5xzVZn04=","(noto,sans-v8-latin-italic,woff)":"3CY6ZFV8ygJmPpkxQEWFtPBJSNMT9sh4miYHYYKaJT8=","(noto,sans-v8-latin-italic,woff2)":"AELVCMDK633A/mIJN+Dt1exxlYcxXzz+dtAgNB0qnLU=","(noto,sans-v8-latin-medium,ttf)":"oM8+c6wnv/mkwi8oB8hOHrPQdAE06E9UVbCjnBSnbhE=","(noto,sans-v8-latin-regular,eot)":"Ie1YCf+XwDL9Tgq3RZnHejWxHyy4ONodGtLSqds6Hsg=","(noto,sans-v8-latin-regular,svg)":"7ZIQVinwL1367/4jhaZqIRapbhyK1GZbrSkc4v8vfRU=","(noto,sans-v8-latin-regular,ttf)":"wnYauduAGjGKvG/j7jyNIO+aYWLhXgNn3EK4NDC3A44=","(noto,sans-v8-latin-regular,woff)":"XDiqA3tdasnsYjFT/pKI8ajaMG4Dw59NX1t99Umu5Hs=","(noto,sans-v8-latin-regular,woff2)":"Sp9TwCdS55JwaG8bKjYWuG068eoqKI8pd+NLEUHVUuw=","(Roboto,Bold,woff)":"JN264t9vOHVuSzjoCMle9/CRizz+wzz3Mi73qEAK0wE=","(Roboto,Italic,woff)":"1e7ylJvxFbwd3gFowcFqy9emCx8bIeGzUmhqQeafnBg=","(Roboto,Light,woff)":"Dli3Kkb+3AcaYVv74XQiQ74bdrkJ67X9Bv0ztJey/lI=","(Roboto,Medium,woff)":"9+HJ7DfxRz2OQtPUiQbWvzawb05XC57bjAfaWrrmWws=","(Roboto,Regular,woff)":"2NtQZ8jUbwf3vpwUCtQw/DIK6RxcIXFyASIJG+hPMQ8=","(RobotoCondensed,Regular,woff)":"ZnghwNRQxy9yjCLik7++A971feOy2xcA4UfyIX7tz8w=","(RobotoMono,Regular,woff)":"J7s3R1IChGSkbVb6KBHi5YSMskLHG1I+wlYDcG5f66c=","Merriweather/merriweather-v19-latin-300.ttf":"+/So7vIEEkEdbmdvaXfAezUzVkPVhawQTdmIlC1bH9A=","Merriweather/merriweather-v19-latin-300italic.svg":"OWRQ7YMfqLJk5a7AzeNdt8wJQbZhNVyu/TZBaIbt+1s=","Merriweather/merriweather-v19-latin-300.woff2":"BAC8DppEy/VH8jikV0lrxZGeVXJEYNDCz7nWaIPXQ6M=","Merriweather/merriweather-v19-latin-regular.woff":"U9VuTlYFh5okZSS7wchIO+XDqb8+P+FAb9GhYf9kJvc=","Merriweather/merriweather-v19-latin-900italic.woff":"i90eY89S9gScxX9Zbg0R2oiTdjW2Y0Kb4/VwKGoixrE=","Merriweather/merriweather-v19-latin-italic.eot":"8lHi/3VwFr1bIsrpeIbVa/HL/Z4TXrLfxO1vGcLBf9Q=","Merriweather/merriweather-v19-latin-italic.woff":"VTMT5xJ8DOUAgdLxJ3AU3qR73iiQpJ8TccuZi0MW1To=","Merriweather/merriweather-v19-latin-700italic.ttf":"N07dPVbFxvealK+W4NTy802+y9547IG9Yib0PsKCLRc=","Merriweather/merriweather-v19-latin-700.ttf":"LyHah8YC33HDGxmF5mM/d9ow0XbA5nySQEwLcqQhOEY=","Merriweather/merriweather-v19-latin-regular.eot":"DAv5QFxL5XvutjDutO1OrWj7jaGc5BABS8B8FkLWQxo=","Merriweather/merriweather-v19-latin-regular.woff2":"k6P4znzsKsbi4BsKLvCzgimxhqp66w7vAaESKHI4gRs=","Merriweather/merriweather-v19-latin-900.woff2":"apM2RNILRwqNTdvYpgVb1/dtbWDZ3Nl1cMfExR4kaFc=","Merriweather/merriweather-v19-latin-300.eot":"EBA5OI4WECkMSXROJpiKNYueGw1Wl5gvhDaRG01a17k=","Merriweather/merriweather-v19-latin-italic.ttf":"65lpsEgl/P8Hd7WD2jmvgsNDKtubpwhVTG2Mf1sCqOg=","Merriweather/merriweather-v19-latin-700italic.eot":"4/ZFp5/wSe6wVpBfgPQVvumHQXZ36HX4OGR0rdEnqzU=","Merriweather/merriweather-v19-latin-300italic.woff":"+RO0twleRqOLlQgXMnUwy4QIxyRV2WFUCxnVbUyVXF4=","Merriweather/merriweather-v19-latin-900italic.svg":"ZJkgXb+CkInRo5BQDusMOwoW/tF3coKUYrP+gyoRB18=","Merriweather/merriweather-v19-latin-700.eot":"9yo2ALCcSn6s/TXm+2ElImgJUniilGd6WATWFXdgU4I=","Merriweather/merriweather-v19-latin-regular.ttf":"xYNS6NV+sAZNZ+qL9w1XePO7vxNPkAmYpIBRjpCDxxY=","Merriweather/merriweather-v19-latin-900.svg":"u9jEdoT006+7gAPMASFgcLszFx1Iq3FlNwSVB1Qj4aU=","Merriweather/merriweather-v19-latin-900italic.eot":"Rsf0mZxY7H3qbHErQuxZYlIMhCDqkEL987GW9ECa06E=","Merriweather/merriweather-v19-latin-700italic.svg":"+5I8Djt9Q7Cvn/SWYm4V/8s1Bx6vfaIYLd33hYaQn2c=","Merriweather/merriweather-v19-latin-900.eot":"aOiB43v7XQhqRAEzUzjUj+euCktOvhtmHNxoJzLWpAQ=","Merriweather/merriweather-v19-latin-700.woff":"nzvrGELoIKBQFfb0Qd+5i7gRchKNQ7I5fbgxNMdcOPE=","Merriweather/merriweather-v19-latin-700.svg":"Netboc1ru1RZiutXlivR8MhB6Y2euBoVftJ1xz3nT80=","Merriweather/merriweather-v19-latin-900.woff":"FLhzp3ndOPL2MIncsvZh9ajg92MYpLJhtovCF+ejZMs=","Merriweather/merriweather-v19-latin-300italic.ttf":"OqTSMi2+XbINebDfqXc2y1EAAA4WL20wczk0d8qxKKQ=","Merriweather/merriweather-v19-latin-300.svg":"7uXWDBAeHgIX4vK6Z5yx/ARE4R7aJmWTNPMed2aXPZI=","Merriweather/merriweather-v19-latin-700italic.woff":"uGz2y+gpkLkvx2V/JMKgXJwHvjG5f1YNbqR3LZkiHyc=","Merriweather/merriweather-v19-latin-italic.woff2":"TdHzu5sVExmmHw26QtEMdzNG6s/bRn0PtWCjDBjMjjY=","Merriweather/merriweather-v19-latin-900italic.woff2":"jY4pReyK6eU4UqEAaYWe7SnG6JaNU+3oyrjP9f/AOMU=","Merriweather/merriweather-v19-latin-700italic.woff2":"6UugRaNwC3Kci5AK2K6hnszbpPjoXSlfqQoDntD2v2c=","Merriweather/merriweather-v19-latin-900italic.ttf":"xJ4KsvZn9LM2r/umSqUQlsR5FLp/c4KG1o5WP31qfgE=","Merriweather/merriweather-v19-latin-700.woff2":"Vorz5XO73JdSxleIZrVipND2cFJHfAGTLm0dPbY6Jr4=","Merriweather/merriweather-v19-latin-300italic.woff2":"72Rr0rE+Nvzuw2JbORyjcHSjefw6XBaouoAuQJ+dJ6g=","Merriweather/merriweather-v19-latin-regular.svg":"inNn9ZWWiFh5sn0YONc1lHUeysYvH/iahmnqitBPihQ=","Merriweather/merriweather-v19-latin-900.ttf":"5uIo3ALh3rD9zvbOsp26NCebdKfArbglSmNAKVTHotQ=","Merriweather/merriweather-v19-latin-300italic.eot":"eiYjdV0700+Ga/wtHDgh/hh+F4hJODA6cdVx1t7FD5o=","Merriweather/merriweather-v19-latin-300.woff":"shj3H+Wu2UJ050kA0mojotHLP0zplqkfj83BIiXuw60=","Merriweather/merriweather-v19-latin-italic.svg":"gh8PT93q0iS2xXsXansaLKo1hGqSaHaHwpvhB6EVuyY=","NotoSans/noto-sans-v8-latin-italic.ttf":"pgUcF/5TbB2nBWSKMQF3LleGgcgEJefpswE5xzVZn04=","NotoSans/noto-sans-v8-latin-regular.woff":"XDiqA3tdasnsYjFT/pKI8ajaMG4Dw59NX1t99Umu5Hs=","NotoSans/noto-sans-v8-latin-regular.woff2":"Sp9TwCdS55JwaG8bKjYWuG068eoqKI8pd+NLEUHVUuw=","NotoSans/noto-sans-v8-latin-700.svg":"J3JHLZ48dgmavP6y9iQZ+pX3UDT+6lU08weX0GwyaIs=","NotoSans/noto-sans-v8-latin-700italic.eot":"HgKabrMUbxw9auOQQQTYIyUxmxoaSvb79oauoqVn2FE=","NotoSans/noto-sans-v8-latin-700italic.woff":"A0poOpdwg2QAzgrvvdreua0gJiex7LvMK3CNpjKZGK0=","NotoSans/noto-sans-v8-latin-italic.eot":"Kaue+QceHxgBDNJRkp1292fp4blAkptQ/FzAgF1FiwY=","NotoSans/noto-sans-v8-latin-regular.svg":"7ZIQVinwL1367/4jhaZqIRapbhyK1GZbrSkc4v8vfRU=","NotoSans/noto-sans-v8-latin-700italic.ttf":"aSqyvqns8uMeA/AX7MznRDc8p2dMr3vj6NMCL5uF9sc=","NotoSans/noto-sans-v8-latin-700.woff":"a9PCMZKawiUOaT4/JxdjQxSz+ZzdtfIEeSPiErfuB0k=","NotoSans/noto-sans-v8-latin-italic.woff":"3CY6ZFV8ygJmPpkxQEWFtPBJSNMT9sh4miYHYYKaJT8=","NotoSans/noto-sans-v8-latin-italic.svg":"Gcnc83yPnnmA9HhG3Vp10kd9bP34UoPfnJhPAf1/cBY=","NotoSans/noto-sans-v8-latin-regular.eot":"Ie1YCf+XwDL9Tgq3RZnHejWxHyy4ONodGtLSqds6Hsg=","NotoSans/noto-sans-v8-latin-700italic.woff2":"d+YrZetDRqjDV6D4kOgETaf1rY/FA9W1pyGkj4HUez8=","NotoSans/noto-sans-v8-latin-italic.woff2":"AELVCMDK633A/mIJN+Dt1exxlYcxXzz+dtAgNB0qnLU=","NotoSans/noto-sans-v8-latin-700.ttf":"1mDQJDqEJ46JHCkKMj5lOD9+BSl+USzUm8WYcAYaeQs=","NotoSans/noto-sans-v8-latin-700.woff2":"i+7FORKM6mIeURzVTyGg0X/4kaFqDr16mKPk+8AL0OU=","NotoSans/noto-sans-v8-latin-700italic.svg":"XqcTFftMoZUg+i4wcVSFCMFeHmzlpRh7wpUXjVWHn8w=","NotoSans/noto-sans-v8-latin-medium.ttf":"oM8+c6wnv/mkwi8oB8hOHrPQdAE06E9UVbCjnBSnbhE=","NotoSans/noto-sans-v8-latin-regular.ttf":"wnYauduAGjGKvG/j7jyNIO+aYWLhXgNn3EK4NDC3A44=","NotoSans/noto-sans-v8-latin-700.eot":"YyHZcR9JM2MVJq+7cSIBVnfj5CrMLiWORizWPUqSozw=","Roboto/Roboto-Regular.woff":"2NtQZ8jUbwf3vpwUCtQw/DIK6RxcIXFyASIJG+hPMQ8=","Roboto/Roboto-Light.woff":"Dli3Kkb+3AcaYVv74XQiQ74bdrkJ67X9Bv0ztJey/lI=","Roboto/Roboto-Italic.woff":"1e7ylJvxFbwd3gFowcFqy9emCx8bIeGzUmhqQeafnBg=","Roboto/Roboto-Medium.woff":"9+HJ7DfxRz2OQtPUiQbWvzawb05XC57bjAfaWrrmWws=","Roboto/RobotoCondensed-Regular.woff":"ZnghwNRQxy9yjCLik7++A971feOy2xcA4UfyIX7tz8w=","Roboto/Roboto-Bold.woff":"JN264t9vOHVuSzjoCMle9/CRizz+wzz3Mi73qEAK0wE=","Roboto/RobotoMono-Regular.woff":"J7s3R1IChGSkbVb6KBHi5YSMskLHG1I+wlYDcG5f66c="}