{"ignition":"OHO486EHIApZN8QQS1pXsqM4Q3aZT/U2R8vu+BxSZMk=","material":"Kp7nlEjvsk96AaSnJDC0YNXTLouKrrJ3wDlxwCaZgZs=","symbol_mimic":"RUHIeMpSIXJ5VMDz9SFPGRxI9wV/Uf20DfyUfBygE38=","symbol_p&id":"QGPVXnqykwr1E4dbtaQ78aX7YJMpMgrlOThJDXtV/TI=","symbol_simple":"4JEsgLHKYXByh/0Kst+P5Z37bDmvLwJ+BhLvkMIpWhM=","symbol_simple.svg":"4JEsgLHKYXByh/0Kst+P5Z37bDmvLwJ+BhLvkMIpWhM=","symbol_p&id.svg":"QGPVXnqykwr1E4dbtaQ78aX7YJMpMgrlOThJDXtV/TI=","material.svg":"Kp7nlEjvsk96AaSnJDC0YNXTLouKrrJ3wDlxwCaZgZs=","ignition.svg":"OHO486EHIApZN8QQS1pXsqM4Q3aZT/U2R8vu+BxSZMk=","symbol_mimic.svg":"RUHIeMpSIXJ5VMDz9SFPGRxI9wV/Uf20DfyUfBygE38="}