{
  "custom": {},
  "params": {},
  "props": {
    "defaultSize": {
      "height": 362,
      "width": 350
    }
  },
  "root": {
    "children": [
      {
        "meta": {
          "name": "EmbeddedView"
        },
        "props": {
          "params": {
            "TowerNumber": 1
          },
          "path": "Tower Details"
        },
        "type": "ia.display.view"
      },
      {
        "meta": {
          "name": "EmbeddedView_0"
        },
        "position": {
          "tabIndex": 1
        },
        "props": {
          "params": {
            "TowerNumber": 1
          },
          "path": "Tower Details"
        },
        "type": "ia.display.view"
      }
    ],
    "meta": {
      "name": "root"
    },
    "props": {
      "menuType": "modern",
      "tabs": [
        "Tower 1",
        "Tower 2"
      ]
    },
    "type": "ia.container.tab"
  }
}