{
  "custom": {},
  "params": {
    "TowerNumber": 1
  },
  "propConfig": {
    "custom.key": {
      "persistent": true
    },
    "params.TowerNumber": {
      "paramDirection": "input",
      "persistent": true
    }
  },
  "props": {
    "defaultSize": {
      "height": 335,
      "width": 337
    }
  },
  "root": {
    "children": [
      {
        "meta": {
          "name": "EmbeddedView"
        },
        "position": {
          "basis": "100px",
          "grow": 1
        },
        "propConfig": {
          "props.params.TowerNumber": {
            "binding": {
              "config": {
                "path": "view.params.TowerNumber"
              },
              "type": "property"
            }
          }
        },
        "props": {
          "params": {
            "LabelText": "Fan Speed",
            "TagName": "fanSpeed"
          },
          "path": "Data Item"
        },
        "type": "ia.display.view"
      },
      {
        "meta": {
          "name": "EmbeddedView_0"
        },
        "position": {
          "basis": "100px",
          "grow": 1
        },
        "propConfig": {
          "props.params.TowerNumber": {
            "binding": {
              "config": {
                "path": "view.params.TowerNumber"
              },
              "type": "property"
            }
          }
        },
        "props": {
          "params": {
            "LabelText": "pH",
            "TagName": "pH"
          },
          "path": "Data Item"
        },
        "type": "ia.display.view"
      },
      {
        "meta": {
          "name": "EmbeddedView_1"
        },
        "position": {
          "basis": "100px",
          "grow": 1
        },
        "propConfig": {
          "props.params.TowerNumber": {
            "binding": {
              "config": {
                "path": "view.params.TowerNumber"
              },
              "type": "property"
            }
          }
        },
        "props": {
          "params": {
            "LabelText": "mmOH",
            "TagName": "mmOH"
          },
          "path": "Data Item"
        },
        "type": "ia.display.view"
      },
      {
        "meta": {
          "name": "EmbeddedView_2"
        },
        "position": {
          "basis": "100px",
          "grow": 1
        },
        "propConfig": {
          "props.params.TowerNumber": {
            "binding": {
              "config": {
                "path": "view.params.TowerNumber"
              },
              "type": "property"
            }
          }
        },
        "props": {
          "params": {
            "LabelText": "Temp",
            "TagName": "temp"
          },
          "path": "Data Item"
        },
        "type": "ia.display.view"
      }
    ],
    "meta": {
      "name": "root"
    },
    "props": {
      "direction": "column"
    },
    "type": "ia.container.flex"
  }
}