{
  "custom": {},
  "params": {
    "CompressorNum": 2
  },
  "propConfig": {
    "params.CompressorNum": {
      "paramDirection": "input",
      "persistent": true
    }
  },
  "props": {
    "defaultSize": {
      "height": 161,
      "width": 443
    }
  },
  "root": {
    "children": [
      {
        "meta": {
          "name": "Label"
        },
        "position": {
          "basis": "50px",
          "rotate": {
            "angle": 270
          }
        },
        "propConfig": {
          "props.text": {
            "binding": {
              "config": {
                "expression": "\"C\"+{view.params.CompressorNum}"
              },
              "type": "expr"
            }
          }
        },
        "props": {
          "style": {
            "fontSize": "30px",
            "fontWeight": "bolder",
            "textAlign": "center"
          }
        },
        "type": "ia.display.label"
      },
      {
        "children": [
          {
            "meta": {
              "name": "Label"
            },
            "position": {
              "height": 0.1239,
              "width": 1,
              "y": 0.0497
            },
            "props": {
              "style": {
                "fontWeight": "bolder",
                "textAlign": "center"
              },
              "text": "Pressure Discharge"
            },
            "type": "ia.display.label"
          },
          {
            "meta": {
              "name": "MovingAnalogIndicator"
            },
            "position": {
              "height": 0.7543,
              "width": 1,
              "y": 0.2117
            },
            "propConfig": {
              "props.processValue": {
                "binding": {
                  "config": {
                    "mode": "indirect",
                    "references": {
                      "1": "{view.params.CompressorNum}"
                    },
                    "tagPath": "[default]Refrigeration/Compressor{1}/pressureDischarge"
                  },
                  "type": "tag"
                }
              }
            },
            "props": {
              "desiredHigh": 100,
              "desiredLow": 40,
              "highAlarm": 90,
              "highHighAlarm": null,
              "highInterlock": null,
              "label": {
                "visible": true
              },
              "lowAlarm": 10,
              "lowInterlock": null,
              "lowLowAlarm": null,
              "maxValue": 180,
              "reverseIndicator": true
            },
            "type": "ia.display.moving-analog-indicator"
          }
        ],
        "meta": {
          "name": "CoordinateContainer"
        },
        "position": {
          "basis": "200px",
          "grow": 1
        },
        "props": {
          "mode": "percent"
        },
        "type": "ia.container.coord"
      },
      {
        "meta": {
          "name": "MultiStateButton"
        },
        "position": {
          "basis": "80px"
        },
        "propConfig": {
          "props.controlValue": {
            "binding": {
              "config": {
                "bidirectional": true,
                "mode": "indirect",
                "references": {
                  "1": "{view.params.CompressorNum}"
                },
                "tagPath": "[default]Refrigeration/Compressor{1}/hoa"
              },
              "type": "tag"
            }
          },
          "props.indicatorValue": {
            "binding": {
              "config": {
                "path": "this.props.controlValue"
              },
              "type": "property"
            }
          }
        },
        "props": {
          "states": [
            {
              "selectedStyle": {
                "backgroundColor": "#FFF809",
                "classes": ""
              },
              "text": "Hand",
              "unselectedStyle": {
                "classes": ""
              },
              "value": 2
            },
            {
              "selectedStyle": {
                "backgroundColor": "#FF2709",
                "classes": ""
              },
              "text": "Off",
              "unselectedStyle": {
                "classes": ""
              },
              "value": 0
            },
            {
              "selectedStyle": {
                "backgroundColor": "#62ED2A",
                "classes": ""
              },
              "text": "Auto",
              "unselectedStyle": {
                "classes": ""
              },
              "value": 1
            }
          ]
        },
        "type": "ia.input.multi-state-button"
      }
    ],
    "meta": {
      "name": "root"
    },
    "props": {
      "style": {
        "borderStyle": "solid"
      }
    },
    "type": "ia.container.flex"
  }
}